world,world_title,entry_role,english_gloss,saulteau_source_form,source_category,firstvoices_entry_url,related_image_available,source_acknowledgement
6,"Home, Camp and Craft",object,An auto shop,0Tāpanaskew’ kamik,Buildings,https://api.firstvoices.com/api/1.0/sites/cree-saulteau/dictionary/f506329a-9123-4180-a6af-fc1b8d6c347e,yes,Source: Judy Cameron
1,Water and Turtle Island,land/season,A Star,ācahkōs,Place/Location,https://api.firstvoices.com/api/1.0/sites/cree-saulteau/dictionary/c85f08c7-714e-436b-b6c0-68270021c326,yes,Source: Amy Ann Gauthier
1,Water and Turtle Island,land/season,Stars,Acahkosak,Landscape,https://api.firstvoices.com/api/1.0/sites/cree-saulteau/dictionary/1f67c777-e42b-43ff-823e-3f8014f65d1d,yes,Source: Judy Cameron
3,Animal Trail,living being,Puppies,Acimosisak,Animals,https://api.firstvoices.com/api/1.0/sites/cree-saulteau/dictionary/a94e3a5f-c67d-41c0-b938-c3cd4a129866,no,Source: Amy Ann Gauthier
1,Water and Turtle Island,object,Arrow,acosis,Tools/Implements,https://api.firstvoices.com/api/1.0/sites/cree-saulteau/dictionary/275092e2-f82c-4c85-b0eb-adbfde237dce,yes,Source: Amy Ann Gauthier
3,Animal Trail,living being,A Raven,āhāsiw,Animals,https://api.firstvoices.com/api/1.0/sites/cree-saulteau/dictionary/699c45ca-14fd-4ab9-9881-209119b22213,yes,Source: Amy Ann Gaauthier
3,Animal Trail,living being,Ravens,Āhāsiwak,Animals,https://api.firstvoices.com/api/1.0/sites/cree-saulteau/dictionary/d4c3d8c4-e72b-43f8-89d9-30171c6bf58b,yes,Source: Amy Ann Gauthier
6,"Home, Camp and Craft",object,Rings for the finger,ahcānisak,Making Cultural Objects,https://api.firstvoices.com/api/1.0/sites/cree-saulteau/dictionary/0f82a80f-4890-466f-974f-c1464f1e77d9,yes,Source: Amy Ann Gauthier
6,"Home, Camp and Craft",object,A hospital building,Āhkosēw’ kāmik,Buildings,https://api.firstvoices.com/api/1.0/sites/cree-saulteau/dictionary/47d6efe5-67be-475a-b001-3ce2c4a83995,yes,Source: Judy Cameron
6,"Home, Camp and Craft",object,The band office,Ahtoskēwo’  kamik,Buildings,https://api.firstvoices.com/api/1.0/sites/cree-saulteau/dictionary/463fa649-1fbf-4e01-a053-987ca453cae1,yes,Source: Judy Cameron
2,Forest and Meadow,living being,Blood sucker,akahkway,Insects,https://api.firstvoices.com/api/1.0/sites/cree-saulteau/dictionary/89fda91e-123d-42be-a2ca-d017fee831a7,yes,Source: Amy Ann Gauthier
2,Forest and Meadow,living being,"blood suckers, leeches; snails",akahkwayak,Insects,https://api.firstvoices.com/api/1.0/sites/cree-saulteau/dictionary/ff39b352-e9b3-4588-bfee-c99edec661dd,yes,Source: Amy Ann Gauthier
1,Water and Turtle Island,living being,A Beaver,amisk,Animals,https://api.firstvoices.com/api/1.0/sites/cree-saulteau/dictionary/554ff62c-2310-45ac-8ab7-2e0ed2555aac,no,Source: Amy Ann Gauthier
1,Water and Turtle Island,living being,Baby Beaver,āmiskōs,Animals,https://api.firstvoices.com/api/1.0/sites/cree-saulteau/dictionary/f92b8a14-7d38-4d12-8390-0e55c60e79ac,yes,Source: Amy Ann Gauthier
1,Water and Turtle Island,land/season,Beaver Lake,amiskosākahikan,Place/Location,https://api.firstvoices.com/api/1.0/sites/cree-saulteau/dictionary/06016094-a86e-4214-9717-9ac01a542105,yes,Source: Amy Ann Gauthier
1,Water and Turtle Island,living being,beaver (more than one),amiskwak,Animals,https://api.firstvoices.com/api/1.0/sites/cree-saulteau/dictionary/400e4640-f36e-4883-afd5-7226969ff1b4,yes,Source: Amy Ann Gauthier
6,"Home, Camp and Craft",object,beaver pelt,amiskwayān,Making Cultural Objects,https://api.firstvoices.com/api/1.0/sites/cree-saulteau/dictionary/dfb117a6-9af1-47a1-8339-a19f6cdba809,yes,Source: Amy Ann Gauthier
6,"Home, Camp and Craft",object,Beaver Pelts,amiskwayāna,Making Cultural Objects,https://api.firstvoices.com/api/1.0/sites/cree-saulteau/dictionary/943674a6-0a23-4fcc-909b-b56cbeb525d5,yes,Source: Amy Ann Gauthier
6,"Home, Camp and Craft",object,Beaver tails,amiskwayiwa,Making Cultural Objects,https://api.firstvoices.com/api/1.0/sites/cree-saulteau/dictionary/173f4c1d-e092-4a40-9931-817fffb10d3f,yes,Source: Amy Ann Gauthier
6,"Home, Camp and Craft",object,Sheets,Anāskāna,Tools/Implements,https://api.firstvoices.com/api/1.0/sites/cree-saulteau/dictionary/56623782-75a4-495a-b041-488c1ffd7024,yes,Source: Judy Cameron
3,Animal Trail,living being,squirrel,anikwacās,Animals,https://api.firstvoices.com/api/1.0/sites/cree-saulteau/dictionary/73cc5cb4-9662-4279-a9aa-977d92a5e5d8,yes,Source: Amy Ann Gauthier
6,"Home, Camp and Craft",object,Buttons,aniskamanak,Clothing,https://api.firstvoices.com/api/1.0/sites/cree-saulteau/dictionary/959cb7f0-5fe7-498b-918b-d9edd3002fe4,yes,Source: Amy Ann Gauthier
6,"Home, Camp and Craft",object,tools,apacikcikana,Tools/Implements,https://api.firstvoices.com/api/1.0/sites/cree-saulteau/dictionary/b7540940-3e9c-4493-ba85-2e59a4ddd1a7,yes,Source: Amy Ann Gauthier
4,Wetlands and Sky,living being,Bats,apahkwācēsak,Birds,https://api.firstvoices.com/api/1.0/sites/cree-saulteau/dictionary/b7e50baa-2206-4b94-8d27-f666247c3ace,yes,Source: Amy Ann Gauthier
6,"Home, Camp and Craft",object,Seats or places to sit,āpēwina,Dwelling,https://api.firstvoices.com/api/1.0/sites/cree-saulteau/dictionary/ccff48e7-5812-4732-a781-f60f5b77dd3b,yes,Source: Amy Ann Gauthier
6,"Home, Camp and Craft",object,a living room,Apēw’  kamik,Dwelling,https://api.firstvoices.com/api/1.0/sites/cree-saulteau/dictionary/909db863-ae11-46ed-a030-f83ed995afe4,yes,Source: Judy Cameron
6,"Home, Camp and Craft",object,weaving,apihkēwin,Clothing,https://api.firstvoices.com/api/1.0/sites/cree-saulteau/dictionary/add1a8d5-cc30-46a6-a250-64ac32dbe27d,yes,Source: Amy Ann Gauthier
6,"Home, Camp and Craft",object,braids,apihkēwina,Making Cultural Objects,https://api.firstvoices.com/api/1.0/sites/cree-saulteau/dictionary/743bf1be-6e33-49a0-9ab6-48a6f11373c5,yes,Source: Amy Ann Gauthier
3,Animal Trail,living being,Pronghorn,apiscacihkos,Animals,https://api.firstvoices.com/api/1.0/sites/cree-saulteau/dictionary/025fd9d1-e54a-4239-b75d-348de1c7d8e7,yes,Source: Amy Ann Gauthier
3,Animal Trail,living being,Deer,Āpisimōsak,Animals,https://api.firstvoices.com/api/1.0/sites/cree-saulteau/dictionary/098203b0-4997-4f37-ba95-a8e120be6c8d,yes,Source: Amy Ann Gauthier
6,"Home, Camp and Craft",object,Teepee Poles,aposōyahtikwa,Spiritual Beliefs,https://api.firstvoices.com/api/1.0/sites/cree-saulteau/dictionary/ec27a7ec-7d03-4bb7-a116-5f479f2a653b,yes,Source: Amy Ann Gauthier
4,Wetlands and Sky,land/season,A Paddle,apoy,Seasons,https://api.firstvoices.com/api/1.0/sites/cree-saulteau/dictionary/2bcdc68a-c782-4d20-a15b-0c7dd1767b28,yes,Source: Amy Ann Gauhtier
1,Water and Turtle Island,object,Shovels or (paddles for rowing),apoyak,Tools/Implements,https://api.firstvoices.com/api/1.0/sites/cree-saulteau/dictionary/a32af7db-aec0-4c4d-bd06-e379056a2740,yes,Source: Amy Ann Gauthier
6,"Home, Camp and Craft",object,"the front upper part of a moccosin, s vamp or tongue",asēsina,Making Cultural Objects,https://api.firstvoices.com/api/1.0/sites/cree-saulteau/dictionary/c3248b64-1cd6-41c3-afaa-cfeb74ace701,yes,Source: Amy Ann
6,"Home, Camp and Craft",object,A sock,Asikan,Clothing,https://api.firstvoices.com/api/1.0/sites/cree-saulteau/dictionary/bcfbf241-1bfa-49fe-8b0f-ace8ed342d95,yes,Source: Judy Cameron
6,"Home, Camp and Craft",object,More than one sock,Asikanak,Clothing,https://api.firstvoices.com/api/1.0/sites/cree-saulteau/dictionary/d59eb10f-227c-4f5f-9688-0a1cb0b5ce01,yes,Source: Judy Cameron
1,Water and Turtle Island,land/season,Rocks (plural of asinēy-rock),asinēyak,Landscape,https://api.firstvoices.com/api/1.0/sites/cree-saulteau/dictionary/61507db5-401a-4d37-99fd-32707714d1f4,yes,Source: Amy Ann
1,Water and Turtle Island,land/season,"Pebbles, Rocks",asiniysisak,Landscape,https://api.firstvoices.com/api/1.0/sites/cree-saulteau/dictionary/67011ba6-211a-40d6-b35a-ecd3a62f8a90,yes,Source: Amy Ann
1,Water and Turtle Island,land/season,Mountains,asiniywaciya,Landscape,https://api.firstvoices.com/api/1.0/sites/cree-saulteau/dictionary/222657fa-743b-4735-a3f6-4a87ae8ed792,yes,Source: Amy Ann Gauthier
2,Forest and Meadow,land/season,A green tree,askāhtik,Trees,https://api.firstvoices.com/api/1.0/sites/cree-saulteau/dictionary/b34a9974-e531-4486-859d-78c4dd93a2b8,yes,Source: Amy Ann Gauthier
1,Water and Turtle Island,land/season,"Open water in spring break, during spring break.",askāwewan,Landscape,https://api.firstvoices.com/api/1.0/sites/cree-saulteau/dictionary/95f85b46-fcdb-4bce-987b-d2db26bb90fa,yes,Source: Amy Ann Gauthier
6,"Home, Camp and Craft",object,"A pail, A bucket",askihk,Tools/Implements,https://api.firstvoices.com/api/1.0/sites/cree-saulteau/dictionary/10794fce-66f1-4461-b375-256526eddfe0,yes,Source: Amy Ann Gauthier
5,Berry Meadow and Garden,object,Flour,askipahkwēsikan,Food,https://api.firstvoices.com/api/1.0/sites/cree-saulteau/dictionary/de92fde0-a482-46bb-8eab-f01bf9f6d434,yes,Source: Amy Ann Gauthier
5,Berry Meadow and Garden,object,A potato,askipwāw,Vegetable,https://api.firstvoices.com/api/1.0/sites/cree-saulteau/dictionary/e62d49e5-1f2b-46c4-9676-1faa6435174e,yes,Source: Amy Ann Gauthier
5,Berry Meadow and Garden,object,Potatoes,Askipwāwa,Vegetable,https://api.firstvoices.com/api/1.0/sites/cree-saulteau/dictionary/51bb68d0-9e19-4de4-9961-647fe5e6ba7a,yes,Source: Judy Cameron
5,Berry Meadow and Garden,object,A piece of raw meat.,askiwiyās,Food,https://api.firstvoices.com/api/1.0/sites/cree-saulteau/dictionary/7a5aaead-6c70-41aa-9644-b76f3ee8e6b8,no,Source: Amy Ann Gauthier
1,Water and Turtle Island,land/season,Earth,Askiy,Landscape,https://api.firstvoices.com/api/1.0/sites/cree-saulteau/dictionary/88df61c5-d890-4d0b-a0b2-ec4d86298c39,yes,Source: Judy Cameron
2,Forest and Meadow,land/season,"muskeg moss, used in diapers.",āskiya,Lichens,https://api.firstvoices.com/api/1.0/sites/cree-saulteau/dictionary/202a502c-b773-4783-8f34-08bdbddc1fc4,yes,Source: Amy Ann Gauthier
6,"Home, Camp and Craft",object,A riding saddle.,aspapōwin,Transportation,https://api.firstvoices.com/api/1.0/sites/cree-saulteau/dictionary/ab1fa503-c4f0-4fdd-80b4-f459230d124b,yes,Source: Amy Ann Gauthier
6,"Home, Camp and Craft",object,A pot holder,Aspinikan,Tools/Implements,https://api.firstvoices.com/api/1.0/sites/cree-saulteau/dictionary/a6d9d801-08d9-4d5a-a3c8-d1e8ab741a2f,yes,Source: Judy Cameron
6,"Home, Camp and Craft",object,A rug,Aspitahkoskākan,Buildings,https://api.firstvoices.com/api/1.0/sites/cree-saulteau/dictionary/5f817ecb-d896-4a73-8be2-1d656b5af74e,yes,Source: Judy Cameron
6,"Home, Camp and Craft",object,Gloves,āstisak,Clothing,https://api.firstvoices.com/api/1.0/sites/cree-saulteau/dictionary/39b86914-b46b-4ca4-8767-85a0f68cee2a,yes,Source: Judy Cameron
6,"Home, Camp and Craft",object,A hat,āstotin,Clothing,https://api.firstvoices.com/api/1.0/sites/cree-saulteau/dictionary/8d8de3fe-b4e0-4147-b270-aa7bb21b260b,yes,Source: Judy Cameron
6,"Home, Camp and Craft",object,hats,astotina,Clothing,https://api.firstvoices.com/api/1.0/sites/cree-saulteau/dictionary/837b2574-e13e-4ad1-812b-fdc886cbfb90,yes,Source: Terry Badine
3,Animal Trail,living being,Dogs.,ātimwak,Animals,https://api.firstvoices.com/api/1.0/sites/cree-saulteau/dictionary/22143133-f33e-4c1a-8197-0959fad5e729,no,Source: Amy Ann Gauthier
4,Wetlands and Sky,land/season,April - Frog Moon,Ayēkipēsim,Seasons,https://api.firstvoices.com/api/1.0/sites/cree-saulteau/dictionary/877db155-f7ab-4c9e-b1e2-f9d51aeb747e,yes,Source: Amy Ann Gauthier
6,"Home, Camp and Craft",object,Clothing,Ayewinisā,Clothing,https://api.firstvoices.com/api/1.0/sites/cree-saulteau/dictionary/98c3af22-dc38-491f-8776-f057a904fd9a,no,Source: Judy Cameron
1,Water and Turtle Island,living being,A baby frog,ayikisis,Amphibians,https://api.firstvoices.com/api/1.0/sites/cree-saulteau/dictionary/e6d60079-131b-4088-9780-8eb949a60a8b,yes,Source: Amy Ann Gauthier
5,Berry Meadow and Garden,object,A raspberry,Ayōskan,Food Plants,https://api.firstvoices.com/api/1.0/sites/cree-saulteau/dictionary/db02a1cf-7cc5-4c0b-b5dd-5c30fb9f770a,yes,Source: Judy Cameron
6,"Home, Camp and Craft",object,An Axe,cēkahikan,Tools/Implements,https://api.firstvoices.com/api/1.0/sites/cree-saulteau/dictionary/36b29a46-e370-4d47-b046-88b52c9af27e,yes,Source: Amy Ann Gauthier
6,"Home, Camp and Craft",object,A fork.,cēstahikan,Tools/Implements,https://api.firstvoices.com/api/1.0/sites/cree-saulteau/dictionary/75b6509a-8ba1-4e73-b888-daf3b0b8488e,yes,Source: Amy Ann Gauthier
6,"Home, Camp and Craft",object,A television,Cikāstēpayihcēkan,Tools/Implements,https://api.firstvoices.com/api/1.0/sites/cree-saulteau/dictionary/c46a07b7-8629-4709-b74c-8d3563798801,yes,Source: Judy Cameron
6,"Home, Camp and Craft",object,A small teaspoon.,ēmihkwānis,Tools/Implements,https://api.firstvoices.com/api/1.0/sites/cree-saulteau/dictionary/48598b69-dfbd-4d9e-b6cb-b8237041ab55,yes,Source: Amy Ann Gauthier
6,"Home, Camp and Craft",object,Spoons,Ēmihkwānisak,Tools/Implements,https://api.firstvoices.com/api/1.0/sites/cree-saulteau/dictionary/2896157c-8f0c-4b35-9bb5-b733aa3cefe1,yes,Source: Judy Cameron
2,Forest and Meadow,living being,An Ant,eyik,Insects,https://api.firstvoices.com/api/1.0/sites/cree-saulteau/dictionary/35841f23-a033-42e1-aab9-de91999609d0,yes,Source: Amy Ann Gauthier
2,Forest and Meadow,living being,A Louse,ihkwā,Insects,https://api.firstvoices.com/api/1.0/sites/cree-saulteau/dictionary/feccb875-7cd7-4312-a9ea-031bd0b63cac,yes,Source: Amy Ann Gauthier
1,Water and Turtle Island,land/season,High Water,Iskipēw,Landscape,https://api.firstvoices.com/api/1.0/sites/cree-saulteau/dictionary/12d9dce0-a9ef-4ae9-98b8-567e079e5d3f,yes,Source: Amy Ann Gauthier
6,"Home, Camp and Craft",object,A firehall building,Iskotēw’ kamik,Buildings,https://api.firstvoices.com/api/1.0/sites/cree-saulteau/dictionary/01ebbd25-1ad9-4714-94b8-3cfbfd826161,yes,Source: Judy Cameron
4,Wetlands and Sky,land/season,November - Frost Moon,Iyikopiwipēsim,Seasons,https://api.firstvoices.com/api/1.0/sites/cree-saulteau/dictionary/61b5c449-bd83-4c04-9d7a-2f20301f644e,no,Source: Amy Ann Gauthier
4,Wetlands and Sky,living being,A crow,kahkākow,Birds,https://api.firstvoices.com/api/1.0/sites/cree-saulteau/dictionary/7e9191d0-34ed-4c8f-a2ea-af7552d51c1b,yes,Source: Amy Ann Gauthier
5,Berry Meadow and Garden,object,Pepper,kahkominakāk,Food,https://api.firstvoices.com/api/1.0/sites/cree-saulteau/dictionary/9d9b4672-f934-4033-aa6b-19885c8fb470,yes,Source: Judy Cameron
3,Animal Trail,living being,Porcupines.,Kākwak,Animals,https://api.firstvoices.com/api/1.0/sites/cree-saulteau/dictionary/516d78d4-bb4b-46f3-b83f-f37933929d8e,yes,Source: Amy Ann Gauthier
6,"Home, Camp and Craft",object,It is smokey.,kaskāpahtew,Making Cultural Objects,https://api.firstvoices.com/api/1.0/sites/cree-saulteau/dictionary/baf2154e-1b68-4eb3-8bc6-3c0123a773d6,yes,Source: Amy Ann Gauthier
4,Wetlands and Sky,land/season,October - Freezing Moon,Kaskatinōwipēsim,Seasons,https://api.firstvoices.com/api/1.0/sites/cree-saulteau/dictionary/6cf8d862-5152-45dd-a20d-0068d7499f87,yes,Source: Amy Ann Gauthier
3,Animal Trail,living being,A small wolverine or a young one,Kehkwāhākēsis,Mammals,https://api.firstvoices.com/api/1.0/sites/cree-saulteau/dictionary/aa5c2fb7-05a1-480c-b9fb-ab95db699966,yes,Source: Judy Cameron
6,"Home, Camp and Craft",object,A skirt,Kēskasākay,Clothing,https://api.firstvoices.com/api/1.0/sites/cree-saulteau/dictionary/de4e9394-9eaf-4a9f-9858-65cdef28e46e,yes,Source: Judy Cameron
6,"Home, Camp and Craft",object,Skirts,Kēskasākaya,Clothing,https://api.firstvoices.com/api/1.0/sites/cree-saulteau/dictionary/4dd4852e-705b-4d2a-a9c2-c42600ab0a64,yes,Source: Judy Cameron
6,"Home, Camp and Craft",object,A pair of shorts,Kēskicāsis,Clothing,https://api.firstvoices.com/api/1.0/sites/cree-saulteau/dictionary/19e430e1-8192-4886-9e7e-b40a9991a45c,yes,Source: Judy Cameron
4,Wetlands and Sky,living being,Eagles,Kihēwak,Birds,https://api.firstvoices.com/api/1.0/sites/cree-saulteau/dictionary/767b0629-1750-4c2f-b9aa-d978b8bc0d20,yes,Source: Amy Ann Gauthier
1,Water and Turtle Island,living being,Baby Fish,Kinosesis,Fish,https://api.firstvoices.com/api/1.0/sites/cree-saulteau/dictionary/43bce455-21c2-4695-b945-b85cdc1b68da,yes,Source: Amy Ann Gauthier
1,Water and Turtle Island,living being,fish (one fish),kinosēw,Fish,https://api.firstvoices.com/api/1.0/sites/cree-saulteau/dictionary/6a93116b-5a87-48a2-a9c4-56996f4532d4,yes,Source: Amy Ann Gauthier
1,Water and Turtle Island,living being,fish - more than one fish (plural),kinosēwak,Animals,https://api.firstvoices.com/api/1.0/sites/cree-saulteau/dictionary/5fff2c9f-fbc8-49b1-81dc-68e5592be58d,yes,Source: Terry Badine
4,Wetlands and Sky,land/season,It is cold.,kisin,Weather,https://api.firstvoices.com/api/1.0/sites/cree-saulteau/dictionary/c80503de-130c-4d2f-b2c3-5861f32aa39d,yes,Source: Terry Badine
6,"Home, Camp and Craft",object,School,kiskinohamakosiw,Buildings,https://api.firstvoices.com/api/1.0/sites/cree-saulteau/dictionary/cc7758e3-4cba-48cf-9fc6-a5736cb682e0,yes,Source: Terri Badine
6,"Home, Camp and Craft",object,A radio,Kitohcikan,Tools/Implements,https://api.firstvoices.com/api/1.0/sites/cree-saulteau/dictionary/c02ff93e-90c1-491e-97f6-4daa7978c03d,yes,Source: Judy Cameron
5,Berry Meadow and Garden,object,A watermelon,Kōhkomināw,Food Plants,https://api.firstvoices.com/api/1.0/sites/cree-saulteau/dictionary/cd535e9c-b952-48c2-b401-b149b8e3fa2b,no,Source: Judy Cameron
3,Animal Trail,living being,Pigs,Kohkōsak,Animals,https://api.firstvoices.com/api/1.0/sites/cree-saulteau/dictionary/5ed0ba53-f724-4db6-8a20-64e3861fbf2a,no,Source: Amy Ann Gauthier
4,Wetlands and Sky,land/season,Snow,Kōna,Weather,https://api.firstvoices.com/api/1.0/sites/cree-saulteau/dictionary/ba32ff52-7b4c-448c-9fa5-40847063a7d6,yes,Source: Amy Ann Gauthier
3,Animal Trail,living being,Wolf,Mahēhkān,Mammals,https://api.firstvoices.com/api/1.0/sites/cree-saulteau/dictionary/1291f257-5efa-44e5-9d49-43032820426e,yes,Source: Judy Cameron
3,Animal Trail,living being,Baby wolves,Mahikansak,Animals,https://api.firstvoices.com/api/1.0/sites/cree-saulteau/dictionary/601cdf0e-b884-4d91-a9d6-3f772cd5adfc,yes,Source: Amy Ann Gauthier
5,Berry Meadow and Garden,object,A corn,Mahtāmin,Vegetable,https://api.firstvoices.com/api/1.0/sites/cree-saulteau/dictionary/d08439ff-5fde-4a80-8ddd-9bb6a7141970,yes,Source: Judy Cameron
4,Wetlands and Sky,living being,Loon,Mākwā,Birds,https://api.firstvoices.com/api/1.0/sites/cree-saulteau/dictionary/cc01f24c-7297-424c-b66a-ed54268060f1,yes,Source: Judy Cameron
2,Forest and Meadow,living being,Bug or worm,Manicôs,Insects,https://api.firstvoices.com/api/1.0/sites/cree-saulteau/dictionary/d03d9881-4cd5-4bab-aed4-a1867d667fb4,yes,Source: Judy Cameron
6,"Home, Camp and Craft",object,A Catholic concept,manitō kēsikāw,Spiritual Beliefs,https://api.firstvoices.com/api/1.0/sites/cree-saulteau/dictionary/5c3287c1-bde8-48c1-b60e-ab83d971d0ee,yes,Source: Judy Cameron
6,"Home, Camp and Craft",object,A picture,Masinipayowin,Tools/Implements,https://api.firstvoices.com/api/1.0/sites/cree-saulteau/dictionary/87419e24-f2f0-496d-bb7b-09d663769ea7,yes,Source: Judy Cameron
5,Berry Meadow and Garden,object,Medicine fluid,Maskehkēwāpoy,Food,https://api.firstvoices.com/api/1.0/sites/cree-saulteau/dictionary/0d10b79d-1daf-4e93-aebc-e306f98d71a7,yes,Source: Judy Cameron
6,"Home, Camp and Craft",object,A medical clinic,Maskihkēw’ kamik,Buildings,https://api.firstvoices.com/api/1.0/sites/cree-saulteau/dictionary/6c79c01d-6513-4a92-a030-c92df464b54b,yes,Source: Judy Cameron
6,"Home, Camp and Craft",object,shoe,maskisin,Clothing,https://api.firstvoices.com/api/1.0/sites/cree-saulteau/dictionary/67e40de8-9b03-4173-90eb-2dc7675c6faf,yes,Source: Terry Badine
6,"Home, Camp and Craft",object,shoes,maskisina,Clothing,https://api.firstvoices.com/api/1.0/sites/cree-saulteau/dictionary/0df919f5-6542-40e8-b8b7-8d751be71494,yes,Source: Terry Badine
6,"Home, Camp and Craft",object,Shoes,Māskisina,Clothing,https://api.firstvoices.com/api/1.0/sites/cree-saulteau/dictionary/04cd2871-0c25-4324-89bc-a9cd10d6625b,yes,Source: Judy Cameron
3,Animal Trail,living being,A bear cub.,Maskosis,Animals,https://api.firstvoices.com/api/1.0/sites/cree-saulteau/dictionary/3adf4758-39ac-418e-94a6-9815e31428f4,yes,Source: Amy Ann Gauthier
3,Animal Trail,living being,bears,Māskwak,Animals,https://api.firstvoices.com/api/1.0/sites/cree-saulteau/dictionary/5ba0509d-f64c-4ef1-a4a4-5754fcf5c623,yes,Source: Amy Ann Gauthier
3,Animal Trail,living being,A small sheep,Māyacihkos,Animals,https://api.firstvoices.com/api/1.0/sites/cree-saulteau/dictionary/da661c29-7486-49dc-8009-6982ec150666,yes,Source: Amy Ann Gauthier
6,"Home, Camp and Craft",object,Sheep skin,Mayahtihkowayan,Clothing,https://api.firstvoices.com/api/1.0/sites/cree-saulteau/dictionary/18199a57-b4e1-49f9-96f2-d76b230d23c2,yes,Source: Judy Cameron
3,Animal Trail,living being,Goats,Māyatihkwak,Animals,https://api.firstvoices.com/api/1.0/sites/cree-saulteau/dictionary/93e71809-6df8-4b10-8aa4-d1712d232762,yes,Source: Amy Ann Gauthier
6,"Home, Camp and Craft",object,soup,mēcimāpoy,Dwelling,https://api.firstvoices.com/api/1.0/sites/cree-saulteau/dictionary/1ef22509-fb05-468d-a4e0-400ed0fa4cde,yes,Source: Amy Ann Gauthier
5,Berry Meadow and Garden,object,Grape,Mēnisihkān,Food Plants,https://api.firstvoices.com/api/1.0/sites/cree-saulteau/dictionary/ac48943d-7875-496b-ac92-e030099da08c,no,Source: Judy Cameron
3,Animal Trail,living being,Coyotes,Mescacākansak,Animals,https://api.firstvoices.com/api/1.0/sites/cree-saulteau/dictionary/90aa0d3e-5f28-440f-bb7e-27fffe50b55f,yes,Source: Amy Ann Gauthier
6,"Home, Camp and Craft",object,Third person plays building,Mētāwew’  kamik,Buildings,https://api.firstvoices.com/api/1.0/sites/cree-saulteau/dictionary/62880c60-b370-4f89-912d-9837276d13e3,yes,Source: Judy Cameron
4,Wetlands and Sky,land/season,Spring,mēyoskamin,Seasons,https://api.firstvoices.com/api/1.0/sites/cree-saulteau/dictionary/b4fa42bd-8b1c-4635-93a3-a03392a065e9,yes,Source: Judy Cameron
5,Berry Meadow and Garden,object,A red beet,Mihkoskātāsk,Vegetable,https://api.firstvoices.com/api/1.0/sites/cree-saulteau/dictionary/e2977572-bad7-47dd-9ae0-db12be862651,no,Source: Judy Cameron
1,Water and Turtle Island,land/season,Red watery liquid,Mihkwāpoy,Natural Resources,https://api.firstvoices.com/api/1.0/sites/cree-saulteau/dictionary/f76d1ad9-40a5-4076-86fa-3e6d9d491dbb,yes,Source: Judy Cameron
2,Forest and Meadow,land/season,A piece of firewood.,Mihtih,Trees,https://api.firstvoices.com/api/1.0/sites/cree-saulteau/dictionary/6dfd626f-3b12-44fd-acbf-bf05d13e6b44,yes,Source: Judy Cameron
4,Wetlands and Sky,land/season,February - Eagle Moon,Mikisowipēsim,Seasons,https://api.firstvoices.com/api/1.0/sites/cree-saulteau/dictionary/5f0ce8de-38b3-4fd4-9570-de4881c4cf8b,yes,Source: Amy Ann Gauthier
6,"Home, Camp and Craft",object,More than one cup - plural,Minēkwācikana,Tools/Implements,https://api.firstvoices.com/api/1.0/sites/cree-saulteau/dictionary/20d16c33-bd58-496d-b43d-7f12264ca0cf,yes,Source: Judy Cameron
6,"Home, Camp and Craft",object,A cup,Minihkwācikan,Tools/Implements,https://api.firstvoices.com/api/1.0/sites/cree-saulteau/dictionary/f53fca53-4ca4-4073-a384-aeb71f89cfbb,yes,Source: Judy Cameron
3,Animal Trail,living being,Cats,Minōsak,Animals,https://api.firstvoices.com/api/1.0/sites/cree-saulteau/dictionary/5b979d7e-b15a-471a-9079-4b41eee9d175,yes,Source: Amy Ann Gauthier
3,Animal Trail,living being,A kitten,minōsis,Animals,https://api.firstvoices.com/api/1.0/sites/cree-saulteau/dictionary/b9db9d1b-dd4e-42d3-a561-98ab36edbe66,yes,Source: Amy Ann Gauthier
3,Animal Trail,living being,Cougars,Misipisiwak,Mammals,https://api.firstvoices.com/api/1.0/sites/cree-saulteau/dictionary/68580be0-cad7-494c-9382-a22afe11bbf9,yes,Source: Amy Ann Gauthier
1,Water and Turtle Island,land/season,A log or plank,Misiweyahtik,Natural Resources,https://api.firstvoices.com/api/1.0/sites/cree-saulteau/dictionary/b45bb724-bcad-410c-9fc2-1e2c94bf74f9,yes,Source: Judy Cameron
6,"Home, Camp and Craft",object,Jackets,Miskotākaya,Clothing,https://api.firstvoices.com/api/1.0/sites/cree-saulteau/dictionary/d020d668-1e91-467b-9a03-6040701a7f25,yes,Source: Judy Cameron
4,Wetlands and Sky,land/season,Ice,Miskwamiy,Weather,https://api.firstvoices.com/api/1.0/sites/cree-saulteau/dictionary/e0fe16fe-4024-4d7f-99b3-5e62e5ba31a2,yes,Source: Amy Ann Gauthier
1,Water and Turtle Island,living being,Whale,Mistamēk,Mammals,https://api.firstvoices.com/api/1.0/sites/cree-saulteau/dictionary/489f17a4-9bf7-4dc8-87b2-3d8ad07e64e8,yes,Source: Judy Cameron
3,Animal Trail,living being,A horse,mistatim,Animals,https://api.firstvoices.com/api/1.0/sites/cree-saulteau/dictionary/c16b8512-0cf0-4a5d-8ff8-9b63e37c7a1d,yes,Source: Amy Ann Gauthier
3,Animal Trail,living being,Horses,mistatimwak,Animals,https://api.firstvoices.com/api/1.0/sites/cree-saulteau/dictionary/ac171486-91de-499c-b1a7-ee3a3e8531b8,no,Source: Amy Ann Gauthier
3,Animal Trail,living being,Big Bull Moose,Mistayāpēw,Mammals,https://api.firstvoices.com/api/1.0/sites/cree-saulteau/dictionary/277f7375-d368-446e-9916-f0cc988cd17d,yes,Source: Amy Ann Gauthier
2,Forest and Meadow,land/season,A piece of wood,Mistik,Trees,https://api.firstvoices.com/api/1.0/sites/cree-saulteau/dictionary/e63525a2-3714-484e-9a1f-ed83c1747396,yes,Source: Judy Cameron
6,"Home, Camp and Craft",object,pants,mitās,Clothing,https://api.firstvoices.com/api/1.0/sites/cree-saulteau/dictionary/c884d74f-003d-47f4-9478-9ba051a6876d,yes,Source: Terry Badine
6,"Home, Camp and Craft",object,pants,mitâsak,Clothing,https://api.firstvoices.com/api/1.0/sites/cree-saulteau/dictionary/09c39f67-7e9f-45a1-a56e-8c6494051e45,yes,Source: Terry Badine
3,Animal Trail,living being,Calves,Moscosisak,Animals,https://api.firstvoices.com/api/1.0/sites/cree-saulteau/dictionary/40149300-daae-4134-ad38-78639f227f90,yes,Source: Amy Ann Gauthier
3,Animal Trail,living being,Cows,Mostosak,Animals,https://api.firstvoices.com/api/1.0/sites/cree-saulteau/dictionary/0f58bd7f-574a-4350-b038-17d12ca39bfb,yes,Source: Amy Ann Gauthier
3,Animal Trail,living being,A Moose,Mōswa,Animals,https://api.firstvoices.com/api/1.0/sites/cree-saulteau/dictionary/41d92000-5714-4ab4-8e8d-1d449c26ed80,yes,Source: Amy Ann Gauthier
1,Water and Turtle Island,living being,Trout,namēkos,Fish,https://api.firstvoices.com/api/1.0/sites/cree-saulteau/dictionary/7cef550c-9da4-4e28-8c55-1ace0a026c96,yes,Source: Amy Ann
4,Wetlands and Sky,land/season,It is summer,Nēpin,Seasons,https://api.firstvoices.com/api/1.0/sites/cree-saulteau/dictionary/c2f83af4-a305-4d6e-97c3-05b016c403f2,yes,Source: Amy Ann Gauthier
2,Forest and Meadow,land/season,A willow branch or stick,Nepisēyāhtik,Shrubs,https://api.firstvoices.com/api/1.0/sites/cree-saulteau/dictionary/2eececec-7826-49b0-b97c-d550a51dbb41,yes,Source: Judy Cameron
6,"Home, Camp and Craft",object,A place for sleep structure,Nipāw’  kamik,Dwelling,https://api.firstvoices.com/api/1.0/sites/cree-saulteau/dictionary/56a501c5-f878-45eb-abea-96cf3736203f,yes,Source: Judy Cameron
4,Wetlands and Sky,land/season,Water,Nipē,Weather,https://api.firstvoices.com/api/1.0/sites/cree-saulteau/dictionary/1ffb476b-7ba6-4efe-8337-537fcb2e61bc,yes,Source: Judy Cameron
1,Water and Turtle Island,land/season,Watery liquid,Nipēwāpoy,Natural Resources,https://api.firstvoices.com/api/1.0/sites/cree-saulteau/dictionary/97757da2-0d62-4aa8-9397-c02afee57303,yes,Source: Judy Cameron
6,"Home, Camp and Craft",object,A bed,Nipēwin,Tools/Implements,https://api.firstvoices.com/api/1.0/sites/cree-saulteau/dictionary/83653945-47da-42a0-a3ba-c8491f419aea,yes,Source: Judy Cameron
4,Wetlands and Sky,living being,goose,Niskā,Birds,https://api.firstvoices.com/api/1.0/sites/cree-saulteau/dictionary/7822104f-73d7-4da9-835d-d0a3a84737c6,yes,Source: Judy Cameron
4,Wetlands and Sky,living being,Geese,Niskak,Birds,https://api.firstvoices.com/api/1.0/sites/cree-saulteau/dictionary/914a4e94-0c1d-4d5a-a984-c7a13e7a2afc,no,Source: Amy Ann Gauthier
4,Wetlands and Sky,land/season,March - Goose Moon,Niskipēsim,Seasons,https://api.firstvoices.com/api/1.0/sites/cree-saulteau/dictionary/50327ff4-a521-4320-b78c-64b88e803073,yes,Source: Amy Ann Gauthier
3,Animal Trail,living being,A female fox or a vixen,Nōsēmahkēsis,Animals,https://api.firstvoices.com/api/1.0/sites/cree-saulteau/dictionary/8098b201-88a1-4431-88d1-b17457e63a3c,yes,Source: Judy Cameron
6,"Home, Camp and Craft",object,A weapon,Nōtinkākān,Tools/Implements,https://api.firstvoices.com/api/1.0/sites/cree-saulteau/dictionary/beae87ea-55e2-4f69-9a7a-e5da5f8ff5fd,yes,Source: Judy Cameron
4,Wetlands and Sky,living being,Owls,Ōhōwak,Birds,https://api.firstvoices.com/api/1.0/sites/cree-saulteau/dictionary/b9f21235-5d3d-497d-88b0-ae08e932a4a7,yes,Source: Amy Ann Gauthier
4,Wetlands and Sky,land/season,August - Flying Moon,Ohphōwipēsim,Seasons,https://api.firstvoices.com/api/1.0/sites/cree-saulteau/dictionary/a46f8e17-5ea6-4ee4-b06a-127ef0ea4462,no,Source: Amy Ann Gauthier
1,Water and Turtle Island,land/season,Boiling water,Ōhtēwāpoy,Natural Resources,https://api.firstvoices.com/api/1.0/sites/cree-saulteau/dictionary/e2e9fd2a-7b86-41be-8f79-3ae11e490260,yes,Source: Judy Cameron
3,Animal Trail,living being,An adult wolverine,okehkwahakēs,Mammals,https://api.firstvoices.com/api/1.0/sites/cree-saulteau/dictionary/1d20694a-6ce5-4c0c-9574-e9d9bc5b8f9a,yes,Source: Judy Cameron
5,Berry Meadow and Garden,object,A tomato,Okinēy,Vegetable,https://api.firstvoices.com/api/1.0/sites/cree-saulteau/dictionary/9f80ac79-c3a2-40b0-850b-60f1d833b27f,no,Source: Judy Cameron
4,Wetlands and Sky,land/season,September - Mating Moon,Onōcihitowipēsim,Seasons,https://api.firstvoices.com/api/1.0/sites/cree-saulteau/dictionary/6773d3c0-0936-4681-b03d-4834d4726596,no,Source: Amy Ann Gauthier
4,Wetlands and Sky,land/season,June- egg hatching month,Opaskawēhopēsim,Seasons,https://api.firstvoices.com/api/1.0/sites/cree-saulteau/dictionary/149828e3-c257-49b0-a494-cdfe0ad53cf2,yes,Source: Amy Ann Gauthier
5,Berry Meadow and Garden,object,An orange,Osāwās,Food Plants,https://api.firstvoices.com/api/1.0/sites/cree-saulteau/dictionary/756fa9b2-4de1-4a92-bd5f-fb5dcd814807,yes,Source: Judy Cameron
4,Wetlands and Sky,living being,yellowbird,osāw’pihēsēs,Birds,https://api.firstvoices.com/api/1.0/sites/cree-saulteau/dictionary/8631c8ee-a1e9-475c-874f-40556c931021,yes,Source: Amy Ann Gauthier
5,Berry Meadow and Garden,object,A carrot,Oskātāsk,Vegetable,https://api.firstvoices.com/api/1.0/sites/cree-saulteau/dictionary/4e566591-b2bf-4e11-9970-90cf5de415e3,no,Source: Judy Cameron
5,Berry Meadow and Garden,object,strawberry,Otēhimin,Food Plants,https://api.firstvoices.com/api/1.0/sites/cree-saulteau/dictionary/5f28bbea-ab3f-4f4a-87d9-0e6599e017a8,yes,Source: Judy Cameron
5,Berry Meadow and Garden,object,A cabbage,Otēhipak,Vegetable,https://api.firstvoices.com/api/1.0/sites/cree-saulteau/dictionary/4c9615de-677d-4053-9b32-21dc524707f6,yes,Source: Judy Cameron
6,"Home, Camp and Craft",object,A jacket,pahkēkinosākay,Clothing,https://api.firstvoices.com/api/1.0/sites/cree-saulteau/dictionary/11ac0922-ca18-40e7-858a-a9fffe8f30ef,yes,Source: Judy Cameron
6,"Home, Camp and Craft",object,skin him as in animate (moose etc),pahkin or pahkinikē,Making Cultural Objects,https://api.firstvoices.com/api/1.0/sites/cree-saulteau/dictionary/5d885d28-f4c6-4b01-8d38-e6c4973f730f,yes,Source: Judy Cameron
6,"Home, Camp and Craft",object,A dish towel,Pāhkwayākan,Dwelling,https://api.firstvoices.com/api/1.0/sites/cree-saulteau/dictionary/44cc127b-e951-4ae3-8838-e705d43751f0,yes,Source: Judy Cameron
5,Berry Meadow and Garden,object,Bread,Pahkwēsikan,Food,https://api.firstvoices.com/api/1.0/sites/cree-saulteau/dictionary/cacecc41-2724-4487-bff7-5808347ed773,yes,Source: Judy Cameron
4,Wetlands and Sky,living being,Woodpecker,Pahpāhsces,Birds,https://api.firstvoices.com/api/1.0/sites/cree-saulteau/dictionary/b2b80ba8-b6e7-4962-af42-055d290034a9,no,Source: Judy Cameron
6,"Home, Camp and Craft",object,shirt,pakowayān,Clothing,https://api.firstvoices.com/api/1.0/sites/cree-saulteau/dictionary/f4afa35e-212d-431c-96bf-b817308005ac,yes,Source: Terry Badine
6,"Home, Camp and Craft",object,A belt,Pakwahtēhon,Clothing,https://api.firstvoices.com/api/1.0/sites/cree-saulteau/dictionary/724ad3f7-8832-434f-93e9-258e40d78aa6,yes,Source: Judy Cameron
6,"Home, Camp and Craft",object,Belts,Pakwahtēhona,Clothing,https://api.firstvoices.com/api/1.0/sites/cree-saulteau/dictionary/557f7b66-b779-4683-8cf7-28a6b5d71ec9,yes,Source: Judy Cameron
2,Forest and Meadow,land/season,A piece of dried wood.,Pāstēwahtik,Trees,https://api.firstvoices.com/api/1.0/sites/cree-saulteau/dictionary/83d5556e-3fc2-44a6-b491-e99426873079,yes,Source: Judy Cameron
6,"Home, Camp and Craft",object,A blouse,Pēhcōnēs,Clothing,https://api.firstvoices.com/api/1.0/sites/cree-saulteau/dictionary/3a7f1a85-018a-46b3-aacf-46072e8a0119,yes,Source: Judy Cameron
6,"Home, Camp and Craft",object,A watch,pēsimohkānis,Dwelling,https://api.firstvoices.com/api/1.0/sites/cree-saulteau/dictionary/c2afbe87-c417-411e-bfde-fe340b5596f8,yes,Source: Amy Ann Gauthier
5,Berry Meadow and Garden,object,Vegetables,Pēw’ kistikāna,Vegetable,https://api.firstvoices.com/api/1.0/sites/cree-saulteau/dictionary/a83f7d64-88c3-43b6-bc92-f517aa0b88c4,no,Source: Judy Cameron
5,Berry Meadow and Garden,object,An apple,Picēkwās,Vegetable,https://api.firstvoices.com/api/1.0/sites/cree-saulteau/dictionary/c4ea7df4-3889-4b95-9d87-c87ea230e0fa,yes,Source: Judy Cameron
4,Wetlands and Sky,living being,Baby chicks,Pihēsēsak,Birds,https://api.firstvoices.com/api/1.0/sites/cree-saulteau/dictionary/720699c2-a397-4d17-a8a5-b598c40e684d,no,Source: Amy Ann Gauthier
5,Berry Meadow and Garden,object,Coffee,Pihkahcēwāpōs,Food,https://api.firstvoices.com/api/1.0/sites/cree-saulteau/dictionary/1a95f9a7-cb69-455a-8eb7-515eda84b2ff,yes,Source: Judy Cameron
6,"Home, Camp and Craft",object,A gas station building,Pimēy atāwēw’ kamik,Buildings,https://api.firstvoices.com/api/1.0/sites/cree-saulteau/dictionary/33163941-c4ad-4539-a170-5dce4e897544,yes,Source: Judy Cameron
6,"Home, Camp and Craft",object,A kitchen,Piminawasow’ kamik,Dwelling,https://api.firstvoices.com/api/1.0/sites/cree-saulteau/dictionary/e21bbec8-5436-4f65-964e-79da440d717f,yes,Source: Judy Cameron
4,Wetlands and Sky,land/season,It is Winter,Pipon,Weather,https://api.firstvoices.com/api/1.0/sites/cree-saulteau/dictionary/876ee45f-d58d-49db-ae85-2ff4f1e5c966,yes,Source: Amy Ann Gauthier
6,"Home, Camp and Craft",object,A winter jacket,Piponasākay,Clothing,https://api.firstvoices.com/api/1.0/sites/cree-saulteau/dictionary/6190fde8-a509-47aa-b9a9-3b7600d19af7,yes,Source: Judy Cameron
6,"Home, Camp and Craft",object,Winter coat or jacket,Pipon’ asākay,Clothing,https://api.firstvoices.com/api/1.0/sites/cree-saulteau/dictionary/42ac50f1-b4b9-44ee-ba97-963e810b3f23,yes,Source: Terry Badine
6,"Home, Camp and Craft",object,winter boots,piponasksisina,Clothing,https://api.firstvoices.com/api/1.0/sites/cree-saulteau/dictionary/145da089-03f8-43b6-8848-c0942c3c907c,yes,Source: Terry Badine
6,"Home, Camp and Craft",object,A whip,Pisastēhikan,Tools/Implements,https://api.firstvoices.com/api/1.0/sites/cree-saulteau/dictionary/91b5e149-4f0b-4fc1-ad8b-c87cf9dcfa98,yes,Source: Judy Cameron
3,Animal Trail,living being,Baby Cougars (kits),Pisisak,Animals,https://api.firstvoices.com/api/1.0/sites/cree-saulteau/dictionary/d8ff353e-17dc-4cd0-ab9c-0077312169b6,yes,Source: Amy Ann Gauthier
1,Water and Turtle Island,land/season,A lake,Sākahikan,Natural Resources,https://api.firstvoices.com/api/1.0/sites/cree-saulteau/dictionary/8e452102-ea76-4db7-8696-74ddc8fb7abc,yes,Source: Judy Cameron
2,Forest and Meadow,land/season,A forest or wooded area,Sakāw,Landscape,https://api.firstvoices.com/api/1.0/sites/cree-saulteau/dictionary/a1663fe2-ff62-41c3-92c5-0d4de1b2ca7a,yes,Source: Judy Cameron
3,Animal Trail,living being,chipmunk,sāsākowāpiskos,Animals,https://api.firstvoices.com/api/1.0/sites/cree-saulteau/dictionary/9387968e-c2d5-4fa1-a758-6cb64f14b809,yes,Source: Terry Badine
6,"Home, Camp and Craft",object,A ladle,Sēkahikākan,Tools/Implements,https://api.firstvoices.com/api/1.0/sites/cree-saulteau/dictionary/f4e1cf21-c014-4930-b2ee-88fa30156a7c,yes,Source: Judy Cameron
6,"Home, Camp and Craft",object,Ladles,Sēkahikākana,Tools/Implements,https://api.firstvoices.com/api/1.0/sites/cree-saulteau/dictionary/1f1f875e-7c64-4e09-a67e-175b9959604b,yes,Source: Judy Cameron
4,Wetlands and Sky,living being,A duck,Sēsēp,Birds,https://api.firstvoices.com/api/1.0/sites/cree-saulteau/dictionary/11221b9f-0cfb-4d1f-9b7d-adc6ee9df692,yes,Source: Judy Cameron
4,Wetlands and Sky,living being,Ducks,sēsēpak,Birds,https://api.firstvoices.com/api/1.0/sites/cree-saulteau/dictionary/d7a6d328-d905-4c6d-ac97-08455352d964,yes,Source: Amy Ann Gauthier
6,"Home, Camp and Craft",object,A kettle,Sēsēpaskihk,Tools/Implements,https://api.firstvoices.com/api/1.0/sites/cree-saulteau/dictionary/3b94aa80-6724-4a02-9d1e-e35471f6de3b,yes,Source: Judy Cameron
4,Wetlands and Sky,living being,Ducklings,Sēsēpisisak,Birds,https://api.firstvoices.com/api/1.0/sites/cree-saulteau/dictionary/221a0b5d-4271-4ab6-9350-818295e49b13,yes,Source: Amy Ann Gauthier
6,"Home, Camp and Craft",object,Wool or woolen articles,Sēstakwaya,Clothing,https://api.firstvoices.com/api/1.0/sites/cree-saulteau/dictionary/8c2fa980-87e2-4191-9842-6b44b236d0fd,yes,Source: Judy Cameron
6,"Home, Camp and Craft",object,A police station building,Simākanisēw’ kamik,Buildings,https://api.firstvoices.com/api/1.0/sites/cree-saulteau/dictionary/8dca3396-527c-4259-a87f-fafcf915333f,yes,Source: Judy Cameron
2,Forest and Meadow,land/season,A vine like plant,Sōminahtik,Medicine Plants,https://api.firstvoices.com/api/1.0/sites/cree-saulteau/dictionary/25aaa14b-8112-4e31-9c49-cbcf54d13225,no,Source: Judy Cameron
6,"Home, Camp and Craft",object,A skating arena building,Sōniskwātahikēw’ kamik,Buildings,https://api.firstvoices.com/api/1.0/sites/cree-saulteau/dictionary/d15e4590-144d-4561-8300-752f462241b0,yes,Source: Judy Cameron
1,Water and Turtle Island,land/season,Cold water,Tāhkāmāpoy,Natural Resources,https://api.firstvoices.com/api/1.0/sites/cree-saulteau/dictionary/04660d0c-5aa5-41e3-9689-0080e4f771b2,yes,Source: Judy Cameron
6,"Home, Camp and Craft",object,Fridges,Tahkascēkana,Tools/Implements,https://api.firstvoices.com/api/1.0/sites/cree-saulteau/dictionary/7b103422-8873-4d84-8fcf-287339f61858,yes,Source: Judy Cameron
6,"Home, Camp and Craft",object,A fridge,Tahkascikan,Tools/Implements,https://api.firstvoices.com/api/1.0/sites/cree-saulteau/dictionary/fc9a4f4f-e1fe-4df4-8d99-b7b63c0db82e,yes,Source: Judy Cameron
2,Forest and Meadow,land/season,Chokecherry,Takwahhiminā,Medicine Plants,https://api.firstvoices.com/api/1.0/sites/cree-saulteau/dictionary/c28c643f-6103-4821-88af-8bfef94fada9,yes,Source: Judy Cameron
4,Wetlands and Sky,land/season,It is autumn.,Takwākin,Weather,https://api.firstvoices.com/api/1.0/sites/cree-saulteau/dictionary/6cca0fe2-ea6e-4047-a4fd-b1bd9797d779,yes,Source: Amy Ann Gauthier
6,"Home, Camp and Craft",object,an instrument used to clamp things together,takwamohcikan,Tools/Implements,https://api.firstvoices.com/api/1.0/sites/cree-saulteau/dictionary/f946d5aa-8b0b-4982-ac5f-f0185dd9e3a9,yes,Source: Amy Ann Gauthier
6,"Home, Camp and Craft",object,one who rides boots,tehtapiw' askisina,Clothing,https://api.firstvoices.com/api/1.0/sites/cree-saulteau/dictionary/15df7807-2446-4cb5-a134-6403885cda0d,yes,Source: Terry Badine
5,Berry Meadow and Garden,object,Milk,Tohtōsāpoy,Food,https://api.firstvoices.com/api/1.0/sites/cree-saulteau/dictionary/89bead66-ba15-4d12-bb2d-9a4793fc062b,no,Source: Judy Cameron
3,Animal Trail,living being,A white dog,Wapiskatim,Animals,https://api.firstvoices.com/api/1.0/sites/cree-saulteau/dictionary/69a9bc66-64f4-4923-810f-ee5a8cd19ffb,yes,Source: Judy Cameron
3,Animal Trail,living being,Rabbits,wāposak,Animals,https://api.firstvoices.com/api/1.0/sites/cree-saulteau/dictionary/8be00b25-21ee-4429-ac11-fc37d9cb53b7,yes,Source: Amy Ann Gauthier
6,"Home, Camp and Craft",object,A lamp or lightbulb,Wāsaskotēnikan,Dwelling,https://api.firstvoices.com/api/1.0/sites/cree-saulteau/dictionary/6a5d5b16-0325-4cbf-9bee-deda003aa162,yes,Source: Judy Cameron
3,Animal Trail,living being,Elks  (plural form of elk),Wāskesiwak,Animals,https://api.firstvoices.com/api/1.0/sites/cree-saulteau/dictionary/d39425d1-75da-44cf-9120-47a1bdd43ce0,yes,Source: Amy Ann Gauthier
3,Animal Trail,living being,Elk,wāskēsōw,Animals,https://api.firstvoices.com/api/1.0/sites/cree-saulteau/dictionary/a1332848-8771-4f59-be79-c0eda256cb1d,yes,Source: Amy Ann Gauthier
5,Berry Meadow and Garden,object,An egg,Wāwi,Food,https://api.firstvoices.com/api/1.0/sites/cree-saulteau/dictionary/b1e2afba-a0a3-4cad-a9c0-b61f0ae2d50e,no,Source: Judy Cameron
6,"Home, Camp and Craft",object,A washroom or bathroom,Wayāwēw’  kamik,Dwelling,https://api.firstvoices.com/api/1.0/sites/cree-saulteau/dictionary/0fc0898d-46dd-40cf-8870-94855919d540,yes,Source: Judy Cameron
6,"Home, Camp and Craft",object,An outhouse,Wayawēw’  tēhtapowin,Tools/Implements,https://api.firstvoices.com/api/1.0/sites/cree-saulteau/dictionary/4b57243b-dba2-4750-9f2f-2071fe6a3d60,yes,Source: Judy Cameron
1,Water and Turtle Island,land/season,Waterhole,Wāyipēyāw,Landscape,https://api.firstvoices.com/api/1.0/sites/cree-saulteau/dictionary/eb62da2c-8d2c-4aba-aa5a-70d1746d040e,yes,Source: Judy Cameron
6,"Home, Camp and Craft",object,Wrapping cloth or paper.,Wēkinikan,Dwelling,https://api.firstvoices.com/api/1.0/sites/cree-saulteau/dictionary/1ea5ae66-7b72-4741-a83d-caca5fd9d854,yes,Source: Judy Cameron
1,Water and Turtle Island,living being,groundhog or woodchuck,Wēsakacihp,Amphibians,https://api.firstvoices.com/api/1.0/sites/cree-saulteau/dictionary/2fb6d33e-174a-4963-ad38-da14f5bd8646,yes,Source: Judy Cameron
4,Wetlands and Sky,living being,A whiskey jack,Wēskacān,Birds,https://api.firstvoices.com/api/1.0/sites/cree-saulteau/dictionary/35f97ef1-e437-49c6-90c8-61a0ae0d57b5,yes,Source: Judy Cameron
6,"Home, Camp and Craft",object,A dish or plate (singular),Wēyākan,Tools/Implements,https://api.firstvoices.com/api/1.0/sites/cree-saulteau/dictionary/68dfa1af-08fa-4e20-bd77-cfa282031b3a,yes,Source: Judy Cameron
6,"Home, Camp and Craft",object,dish soap,Wēyākanēw-kisēpēkinikan,Dwelling,https://api.firstvoices.com/api/1.0/sites/cree-saulteau/dictionary/a12793af-a97f-4ee5-b799-c1227cf8bd89,yes,Source: Amy Ann Gauthier
5,Berry Meadow and Garden,object,Meat,Wēyas,Food,https://api.firstvoices.com/api/1.0/sites/cree-saulteau/dictionary/76220b5a-56a6-4030-8bf1-4aec4a28ff2a,no,Source: Judy Cameron
5,Berry Meadow and Garden,object,An onion,Wihcēkaskosēy,Vegetable,https://api.firstvoices.com/api/1.0/sites/cree-saulteau/dictionary/9de5aa31-4800-4eb7-b6b2-4be14b63c848,no,Source: Judy Cameron
7,"People, Seasons and Teachings",living being,my older sister,nimis,Kinship Terms,https://api.firstvoices.com/api/1.0/sites/cree-saulteau/dictionary/abd3305e-af65-4d22-a062-41134d42b962,yes,Source: Amy Ann
7,"People, Seasons and Teachings",living being,my grandfather,nimosôm,Kinship Terms,https://api.firstvoices.com/api/1.0/sites/cree-saulteau/dictionary/9f15d561-02df-4723-8283-6b5ffbe8b85e,yes,Source: Amy Ann
7,"People, Seasons and Teachings",living being,grandmother,nohkom,Kinship Terms,https://api.firstvoices.com/api/1.0/sites/cree-saulteau/dictionary/1c9e1a30-04f5-4271-924c-55110aece980,yes,Source: Judy Cameron
7,"People, Seasons and Teachings",living being,Women kind,Iskwēwak,Kinship Terms,https://api.firstvoices.com/api/1.0/sites/cree-saulteau/dictionary/94361a1d-cbd4-4b53-8d4c-eb1635bf62db,yes,Source: Judy Cameron
7,"People, Seasons and Teachings",living being,Woman,Iskwēw,Kinship Terms,https://api.firstvoices.com/api/1.0/sites/cree-saulteau/dictionary/436ca6ce-dfdb-4b29-a451-584d78392a10,yes,Source: Judy Cameron
7,"People, Seasons and Teachings",object,Windpipe,Kohtaskway,Body Parts,https://api.firstvoices.com/api/1.0/sites/cree-saulteau/dictionary/a9b724b7-4d44-4b00-aea4-6cf8029a2bbc,yes,Source: Judy Cameron
7,"People, Seasons and Teachings",living being,The old woman,Nōcikwēsiw,Kinship Terms,https://api.firstvoices.com/api/1.0/sites/cree-saulteau/dictionary/864e2e44-fd62-4962-b0d3-b1c15b0851d4,yes,Source: Judy Cameron
7,"People, Seasons and Teachings",object,Skating Rink,soniskwatahikēwkamik,Place Names,https://api.firstvoices.com/api/1.0/sites/cree-saulteau/dictionary/9ce58e14-5e05-48a5-a038-35b3026629ef,yes,Source: Amy Ann Gauthier
7,"People, Seasons and Teachings",living being,Old woman,Notokwēw,Kinship Terms,https://api.firstvoices.com/api/1.0/sites/cree-saulteau/dictionary/736c6917-bffe-457c-a2d3-bcecab73200d,yes,Source: Judy Cameron
7,"People, Seasons and Teachings",object,Bushman,Sakāwēyiniw,Fishing/Hunting,https://api.firstvoices.com/api/1.0/sites/cree-saulteau/dictionary/2bc4037f-909d-45d2-a737-90430c57c877,yes,Source: Judy Cameron
7,"People, Seasons and Teachings",living being,A young woman,Oskinikiskwew,Kinship Terms,https://api.firstvoices.com/api/1.0/sites/cree-saulteau/dictionary/dc4c51cc-7af4-49ea-941a-e0a54940d567,yes,Source: Judy Cameron
7,"People, Seasons and Teachings",land/season,A store,atāwewikamikwa,Place/Location,https://api.firstvoices.com/api/1.0/sites/cree-saulteau/dictionary/8c831442-7479-4945-89ac-18b2e88ce7f3,yes,Source: Amy Ann Gauthier
7,"People, Seasons and Teachings",land/season,"A camp, a resting spot, a campground.",kapēsiwin,Place/Location,https://api.firstvoices.com/api/1.0/sites/cree-saulteau/dictionary/e25b2653-507b-439d-bcb8-4b86cc294497,yes,Source: Amy Ann Gauthier
7,"People, Seasons and Teachings",object,walk in the water,pahkopē,Human Things/Activities,https://api.firstvoices.com/api/1.0/sites/cree-saulteau/dictionary/f38007ea-551f-4321-a42a-efa042c59dfb,yes,Source: Amy Ann Gauthier
7,"People, Seasons and Teachings",object,Words,Pēkiskwewina,Speech And Language,https://api.firstvoices.com/api/1.0/sites/cree-saulteau/dictionary/413f79f0-4613-44b8-9e42-032cf69862b7,yes,Source: Judy Cameron
7,"People, Seasons and Teachings",object,Where are they (those things),Tanihi,Question Words,https://api.firstvoices.com/api/1.0/sites/cree-saulteau/dictionary/ff9465c1-e4f9-4311-ae9b-42a7c26a374f,yes,Source: Amy Ann Gauthier
7,"People, Seasons and Teachings",object,Wedding,Wēkihtōwin,Activities,https://api.firstvoices.com/api/1.0/sites/cree-saulteau/dictionary/edceeba9-3607-4b23-80af-b9c943574674,yes,Source: Judy Cameron
7,"People, Seasons and Teachings",object,Thursday.,Newo kīsikaw,Time,https://api.firstvoices.com/api/1.0/sites/cree-saulteau/dictionary/a870da93-cdd4-4ecc-ac50-2da3c39e2e83,yes,Source: Amy Ann Gauthier
7,"People, Seasons and Teachings",object,Sunday,Ayamihēw kēsikāw,Speech And Language,https://api.firstvoices.com/api/1.0/sites/cree-saulteau/dictionary/80f4a62d-6460-4d55-afae-3a089fd18520,yes,Source: Amy Ann Gauthier
7,"People, Seasons and Teachings",object,Monday.,pōnāyamihēw kēsikāw,Time,https://api.firstvoices.com/api/1.0/sites/cree-saulteau/dictionary/472adcd2-d99b-4ca7-a0de-21b5b565300b,yes,Source: Amy Ann Gauthier
7,"People, Seasons and Teachings",object,Leading the way up,amaciwēnēkānohtēwin,Activities,https://api.firstvoices.com/api/1.0/sites/cree-saulteau/dictionary/1336ee33-f05f-4982-b195-3e71765b1aaa,yes,Source: Amy Ann Gauthier
7,"People, Seasons and Teachings",object,"Having ability,",kaskihtāwin,Speech And Language,https://api.firstvoices.com/api/1.0/sites/cree-saulteau/dictionary/361fd35c-69e1-4b3e-836e-edaaf1604e81,yes,Source: Amy Ann Gauthier
7,"People, Seasons and Teachings",object,Friday,Nīyāno kīsikāw,Speech And Language,https://api.firstvoices.com/api/1.0/sites/cree-saulteau/dictionary/fff54bff-2429-45fb-bbff-f3f87841f2f2,yes,Source: Amy Ann Gauthier
7,"People, Seasons and Teachings",object,Cold month,Kisinpēsim,Speech And Language,https://api.firstvoices.com/api/1.0/sites/cree-saulteau/dictionary/277304fa-cf88-48a5-9af2-ede262872fd4,yes,Source: Amy Ann Gauthier
7,"People, Seasons and Teachings",object,An industrious worker.,Otatoskēw,Employment/Work,https://api.firstvoices.com/api/1.0/sites/cree-saulteau/dictionary/b03fa4b7-c433-458f-8d80-9c80d19aa235,yes,Source: Judy Cameron
7,"People, Seasons and Teachings",object,A weeper,Omātōw,Thinking/Feeling,https://api.firstvoices.com/api/1.0/sites/cree-saulteau/dictionary/238b3fb2-79ff-494c-932f-35e2f1ac2fa7,yes,Source: Judy Cameron
7,"People, Seasons and Teachings",object,"A stupid person, A moron.",kakēpātis,Speech And Language,https://api.firstvoices.com/api/1.0/sites/cree-saulteau/dictionary/00813aa9-b446-425e-85bb-ed1a27ff7d30,yes,Source: Amy Ann Gauthier
7,"People, Seasons and Teachings",object,A motor,askihkohkānis,Events,https://api.firstvoices.com/api/1.0/sites/cree-saulteau/dictionary/d0f4694f-fe36-4f70-bf4c-3ee972c16187,yes,Source: Amy Ann Gauthier
7,"People, Seasons and Teachings",object,A Ring,ahcanis,Human Things/Activities,https://api.firstvoices.com/api/1.0/sites/cree-saulteau/dictionary/0234acb0-7c59-429e-ad4f-4af2fdb61808,yes,Source: Amy Ann Gauthier
7,"People, Seasons and Teachings",object,.All of you walk in the water,Pahkopēk,Human Things/Activities,https://api.firstvoices.com/api/1.0/sites/cree-saulteau/dictionary/efede0c9-69ee-46b4-a3af-b4732d38ee92,yes,Source: Terry Badine
7,"People, Seasons and Teachings",land/season,Nestling,ākosimowin,Landscape,https://api.firstvoices.com/api/1.0/sites/cree-saulteau/dictionary/3fb5278c-f852-410c-8ee6-0d8dde875feb,no,Source: Amy Ann Gauthier
7,"People, Seasons and Teachings",object,third day,Nīsto kīsikaw,Time,https://api.firstvoices.com/api/1.0/sites/cree-saulteau/dictionary/396a4edf-5ecc-4f2b-8025-bb506565991d,no,Source: Amy Ann Gauthier
7,"People, Seasons and Teachings",object,Saturday,Nikotwāsi kīsikāw,Speech And Language,https://api.firstvoices.com/api/1.0/sites/cree-saulteau/dictionary/b7086a1f-ab0d-4502-8626-89edf3e390ce,no,Source: Amy Ann Gauthier
7,"People, Seasons and Teachings",teaching card,something useful,apacihcikan,Tools/Implements,https://api.firstvoices.com/api/1.0/sites/cree-saulteau/dictionary/c18c8f36-fe59-40d5-a867-b3b4a2147b65,yes,Source: Amy Ann Gauthier
7,"People, Seasons and Teachings",teaching card,small chores,acoskewinisa,Transportation,https://api.firstvoices.com/api/1.0/sites/cree-saulteau/dictionary/a3eba9ca-b417-40e8-83a2-c41f4bc9a2f2,yes,Source: Amy Ann Gauthier
7,"People, Seasons and Teachings",teaching card,in one place; in one location,pēyakwayak,Place/Location,https://api.firstvoices.com/api/1.0/sites/cree-saulteau/dictionary/bd2ccd19-52aa-4850-bf2d-7f5351e00c5e,yes,Source: Terry Badine
7,"People, Seasons and Teachings",teaching card,flowing rapidly,Kiskēciwān,Place/Location,https://api.firstvoices.com/api/1.0/sites/cree-saulteau/dictionary/1939000e-2fb8-4520-9017-339ac4f154a3,yes,Source: Judy Cameron
7,"People, Seasons and Teachings",teaching card,"covers (for something,could be for pots)",akwanahikana,Tools/Implements,https://api.firstvoices.com/api/1.0/sites/cree-saulteau/dictionary/7b8ed914-a1b9-460c-8892-d7da4abb0ff2,yes,Source: Amy Ann Gauthier
7,"People, Seasons and Teachings",teaching card,an act of doing something not good /violence,Macātisēwin,Kinship Terms,https://api.firstvoices.com/api/1.0/sites/cree-saulteau/dictionary/cc7c1aee-0f00-4bbb-aea9-e204a46cf659,yes,Source: Judy Cameron
7,"People, Seasons and Teachings",teaching card,The act of wringing out liquid from a cloth (or clothes),sēnikēwin,Clothing,https://api.firstvoices.com/api/1.0/sites/cree-saulteau/dictionary/c76cff16-a742-4e37-9f87-2ac90d9e4f3a,yes,Source: Judy Cameron
7,"People, Seasons and Teachings",teaching card,The act of wearing new clothes,Ōskēsēhōwin,Clothing,https://api.firstvoices.com/api/1.0/sites/cree-saulteau/dictionary/7f010f26-c35f-4bed-982c-a493c7e0739b,yes,Source: Judy Cameron
7,"People, Seasons and Teachings",teaching card,The act of sewing.,kaskikwāsowin,Buildings,https://api.firstvoices.com/api/1.0/sites/cree-saulteau/dictionary/60ed6c70-dd2b-42ac-951b-6d93fdd88100,yes,Source: Amy Ann Gauthier
7,"People, Seasons and Teachings",teaching card,"An act of bindings, the act of makingbundles.",asahpicēkēwin,Natural Resources,https://api.firstvoices.com/api/1.0/sites/cree-saulteau/dictionary/bf9569bf-0147-4fed-8a10-99718a413901,yes,Source: Amy Ann Gauthier
7,"People, Seasons and Teachings",teaching card,A weaver,ōtāpihkēw,Making Cultural Objects,https://api.firstvoices.com/api/1.0/sites/cree-saulteau/dictionary/1378999a-099b-48d9-b76f-dc12a981bfdc,yes,Source: Judy Cameron
7,"People, Seasons and Teachings",teaching card,"A promise, a vow.",asotamowin,Kinship Terms,https://api.firstvoices.com/api/1.0/sites/cree-saulteau/dictionary/a6f43085-ff59-4792-9520-49db89f1c5cd,yes,Source: Amy Ann Gauthier
7,"People, Seasons and Teachings",teaching card,the number twelve,Nēsosāp,Numbers,https://api.firstvoices.com/api/1.0/sites/cree-saulteau/dictionary/30d1fd7e-843e-4b63-a86f-86d701eb09d0,yes,Source: Judy Cameron
7,"People, Seasons and Teachings",teaching card,something,kēkway,Human Things/Activities,https://api.firstvoices.com/api/1.0/sites/cree-saulteau/dictionary/c3afa977-f59b-434f-8040-e1f7ee154914,yes,Source: Terry Badine
7,"People, Seasons and Teachings",teaching card,number ten,Mitātaht,Numbers,https://api.firstvoices.com/api/1.0/sites/cree-saulteau/dictionary/93eb2bf3-14de-4eda-aef3-93ab875063b4,yes,Source: Judy Cameron
7,"People, Seasons and Teachings",teaching card,a waver,Owāstāhikēw,Motion,https://api.firstvoices.com/api/1.0/sites/cree-saulteau/dictionary/481b5770-8d0b-4097-a2ca-9abc299b132f,yes,Source: Judy Cameron
7,"People, Seasons and Teachings",teaching card,Work or working.,Atoskēwin,Employment/Work,https://api.firstvoices.com/api/1.0/sites/cree-saulteau/dictionary/fea3460b-f2b2-4ab0-9e73-d041df583b73,yes,Source: Judy Cameron
7,"People, Seasons and Teachings",teaching card,Wit and humour,Wēyatwēwin,Thinking/Feeling,https://api.firstvoices.com/api/1.0/sites/cree-saulteau/dictionary/ed5826a4-9dc0-4051-a5ed-d96d6f7c4efb,yes,Source: Judy Cameron
7,"People, Seasons and Teachings",teaching card,The state of being strong or having inner strength,Sōhktisiwin,States,https://api.firstvoices.com/api/1.0/sites/cree-saulteau/dictionary/f18a88a4-a7ff-40a9-b0bd-caf245ea4412,yes,Source: Judy Cameron
7,"People, Seasons and Teachings",teaching card,The state of being dispirited or tired,Nēstwāyāwin,Bodily Afflictions/Health,https://api.firstvoices.com/api/1.0/sites/cree-saulteau/dictionary/f51e8e22-03a1-40e0-b6ea-4163f9aef06d,yes,Source: Judy Cameron
7,"People, Seasons and Teachings",teaching card,The numeral - number two,Nēso,Numbers,https://api.firstvoices.com/api/1.0/sites/cree-saulteau/dictionary/982a68f6-d2d9-4563-a8e4-cc0984f51206,yes,Source: Judy Cameron
7,"People, Seasons and Teachings",teaching card,The numeral - number three,Nisto,Numbers,https://api.firstvoices.com/api/1.0/sites/cree-saulteau/dictionary/fbe47f5a-6461-4d5f-b063-c2034cb26746,yes,Source: Judy Cameron
7,"People, Seasons and Teachings",teaching card,The numeral - number one,Pēyak,Numbers,https://api.firstvoices.com/api/1.0/sites/cree-saulteau/dictionary/f70e5c6a-efdd-4aba-91f3-8a13909fc9f0,yes,Source: Judy Cameron
7,"People, Seasons and Teachings",teaching card,The number twenty,Nēstānaw,Numbers,https://api.firstvoices.com/api/1.0/sites/cree-saulteau/dictionary/b75eedc3-95b3-47dc-9b3d-5beade25c6be,yes,Source: Judy Cameron
7,"People, Seasons and Teachings",teaching card,The number thirteen,Nistosāp,Numbers,https://api.firstvoices.com/api/1.0/sites/cree-saulteau/dictionary/2098b176-645a-408f-a2bc-b6621b112173,yes,Source: Judy Cameron
7,"People, Seasons and Teachings",teaching card,The number sixteen,Nikotwāsi’sāp,Numbers,https://api.firstvoices.com/api/1.0/sites/cree-saulteau/dictionary/8076aed8-5972-479f-8635-29ca42487758,yes,Source: Judy Cameron
7,"People, Seasons and Teachings",teaching card,The number six,Nikotwāsik,Numbers,https://api.firstvoices.com/api/1.0/sites/cree-saulteau/dictionary/77121796-d45e-4149-8cf1-1e59bc639d82,yes,Source: Judy Cameron
7,"People, Seasons and Teachings",teaching card,The number seventeen,Tēpakohpōsāp,Numbers,https://api.firstvoices.com/api/1.0/sites/cree-saulteau/dictionary/df3e2d3f-66ae-4629-8efe-593cf1ef0fe9,yes,Source: Judy Cameron
7,"People, Seasons and Teachings",teaching card,The number nine,Kēkā -mitātaht,Numbers,https://api.firstvoices.com/api/1.0/sites/cree-saulteau/dictionary/453bb69d-b4ec-48ad-9458-af5152832730,yes,Source: Judy Cameron
7,"People, Seasons and Teachings",teaching card,The number four,Nēwo,Numbers,https://api.firstvoices.com/api/1.0/sites/cree-saulteau/dictionary/86d161bb-743a-47ce-a200-8bcd94eb3624,yes,Source: Judy Cameron
7,"People, Seasons and Teachings",teaching card,The number five (5),Ayinānēw,Numbers,https://api.firstvoices.com/api/1.0/sites/cree-saulteau/dictionary/ce4177a7-5482-47fc-b228-83b1eb2134a8,yes,Source: Judy Cameron
7,"People, Seasons and Teachings",teaching card,The number eleven,Pēyakosāp,Numbers,https://api.firstvoices.com/api/1.0/sites/cree-saulteau/dictionary/3083c21b-14e0-4700-aa3e-162669155998,yes,Source: Judy Cameron
7,"People, Seasons and Teachings",teaching card,The number eighteen,Ayinānēwosāp,Numbers,https://api.firstvoices.com/api/1.0/sites/cree-saulteau/dictionary/ab330e6b-080c-4a67-8d1d-72cffe126871,yes,Source: Judy Cameron
7,"People, Seasons and Teachings",teaching card,The act of writing,masinahikēwin,Activities,https://api.firstvoices.com/api/1.0/sites/cree-saulteau/dictionary/2008096f-7bd5-4515-8a57-90c63a7fa844,yes,Source: Judy Cameron
7,"People, Seasons and Teachings",teaching card,The act of wiping or washing your hands,Kasēcihceēwin,Activities,https://api.firstvoices.com/api/1.0/sites/cree-saulteau/dictionary/a702fb28-eeca-427b-9e19-c2ac309d8247,yes,Source: Judy Cameron
7,"People, Seasons and Teachings",teaching card,The act of waving one’s hand,Wāstāhikēwin,Motion,https://api.firstvoices.com/api/1.0/sites/cree-saulteau/dictionary/e31c94d8-5a3e-4be5-84c7-aee7a4b6c242,yes,Source: Judy Cameron
7,"People, Seasons and Teachings",teaching card,The act of warmnig up,Āwasōwin,States,https://api.firstvoices.com/api/1.0/sites/cree-saulteau/dictionary/5a4feedb-5f9b-49db-a8f4-bb21fd6f6d27,yes,Source: Judy Cameron
7,"People, Seasons and Teachings",teaching card,The act of waiting or a waiting place - room,Pēhowin,Time,https://api.firstvoices.com/api/1.0/sites/cree-saulteau/dictionary/142ad43e-e2e0-4d20-a5fe-4bf5ddbcf875,yes,Source: Judy Cameron
7,"People, Seasons and Teachings",teaching card,The act of speaking English,akayāsemōwin,Speech And Language,https://api.firstvoices.com/api/1.0/sites/cree-saulteau/dictionary/bc1e9c39-079d-4afc-8605-86a859012d04,yes,Source: Amy Ann Gauthier
7,"People, Seasons and Teachings",teaching card,The act of sneezing,cahcāmōwin,Bodily Afflictions/Health,https://api.firstvoices.com/api/1.0/sites/cree-saulteau/dictionary/fe996641-fa7d-4d3d-9f70-675809e3c144,yes,Source: Amy Ann Gauthier
7,"People, Seasons and Teachings",teaching card,The act of sitting quietly and not moving.,kāmwātapiwin,States,https://api.firstvoices.com/api/1.0/sites/cree-saulteau/dictionary/024d3c00-097e-4309-8d9b-6027d2aa0668,yes,Source: Amy Ann Gauthier
7,"People, Seasons and Teachings",teaching card,The act of singing or a song,Nīkāmōwin,Human Things/Activities,https://api.firstvoices.com/api/1.0/sites/cree-saulteau/dictionary/a22376ea-e098-40d1-bea2-169d3ab261a4,yes,Source: Judy Cameron
7,"People, Seasons and Teachings",teaching card,The act of praying or worshipping.,Ayamihāwin,Activities,https://api.firstvoices.com/api/1.0/sites/cree-saulteau/dictionary/e0bfe9e0-4fe8-4dd4-829b-49bee5304910,yes,Source: Judy Cameron
7,"People, Seasons and Teachings",teaching card,The act of placating.,kākēcihiwēwina,Human Relations,https://api.firstvoices.com/api/1.0/sites/cree-saulteau/dictionary/eedcda01-d386-4916-9728-0f884c147048,yes,Source: Amy Ann Gauthier
7,"People, Seasons and Teachings",teaching card,The act of keeping anf guarding a house.,kanwapokēwin,Human Things/Activities,https://api.firstvoices.com/api/1.0/sites/cree-saulteau/dictionary/2dcac729-5544-457b-9704-8da0f6137041,yes,Source: Amy Ann Gauthier
7,"People, Seasons and Teachings",teaching card,The act of keeping and guarding a house.,kanawapokewin,Speech And Language,https://api.firstvoices.com/api/1.0/sites/cree-saulteau/dictionary/eccc5dcf-ddca-4d34-a73b-d886fc8eecc1,yes,Source: Amy Ann Gauthier
7,"People, Seasons and Teachings",teaching card,The act of hurrying.,kakwēyāhiwin,Speech And Language,https://api.firstvoices.com/api/1.0/sites/cree-saulteau/dictionary/9db58464-7f32-4ab3-9021-4bf47b3d04f9,yes,Source: Amy Ann Gauthier
7,"People, Seasons and Teachings",teaching card,The act of hurrying,kakwēyāhōwin,Motion,https://api.firstvoices.com/api/1.0/sites/cree-saulteau/dictionary/21cd0f33-1f26-4b81-a636-b55abcb632d5,yes,Source: Amy Ann Gauthier
7,"People, Seasons and Teachings",teaching card,The act of doing something deceitful.,kayesowina,Speech And Language,https://api.firstvoices.com/api/1.0/sites/cree-saulteau/dictionary/ab4248b2-e5b3-4553-b7f1-f831b9957022,yes,Source: Amy Ann Gauthier
7,"People, Seasons and Teachings",teaching card,"The act of doing something crooked, deceitful.",kayēsowin,Human Things/Activities,https://api.firstvoices.com/api/1.0/sites/cree-saulteau/dictionary/6c9727f5-757c-40a4-8326-64854e047548,yes,Source: Amy Ann Gauthier
7,"People, Seasons and Teachings",teaching card,The act of cutting oneself.,Mansosowin,Motion,https://api.firstvoices.com/api/1.0/sites/cree-saulteau/dictionary/b9beabcc-0d35-4234-8104-5184de60d700,yes,Source: Judy Cameron
